{"cameraMode":{"drawMode":0,"name":"Shaded","section":"Shading Mode"},"sceneLighting":false,"audioPlay":false,"sceneViewState":{"showFog":true,"showMaterialUpdate":false,"showSkybox":false,"showFlares":true,"showImageEffects":true,"showParticleSystems":true},"in2DMode":false,"pivot":{"x":164.59483337402345,"y":0.06300000101327896,"z":16.62863540649414},"rotation":{"x":0.011493628844618798,"y":-0.9844009876251221,"z":0.16717906296253205,"w":0.0593733973801136},"size":3.030548334121704,"orthographic":false}