{"cameraMode":{"drawMode":0,"name":"Shaded","section":"Shading Mode"},"sceneLighting":false,"audioPlay":false,"sceneViewState":{"showFog":true,"showMaterialUpdate":false,"showSkybox":false,"showFlares":true,"showImageEffects":true,"showParticleSystems":true},"in2DMode":false,"pivot":{"x":96.18702697753906,"y":4.7703142166137699,"z":143.8885040283203},"rotation":{"x":0.13876228034496308,"y":0.7614631652832031,"z":-0.1751449704170227,"w":0.6087879538536072},"size":19.8685302734375,"orthographic":false}