{"cameraMode":{"drawMode":0,"name":"Shaded","section":"Shading Mode"},"sceneLighting":true,"audioPlay":false,"sceneViewState":{"showFog":true,"showMaterialUpdate":false,"showSkybox":true,"showFlares":true,"showImageEffects":true,"showParticleSystems":true},"in2DMode":false,"pivot":{"x":225.2100067138672,"y":16.079999923706056,"z":97.19082641601563},"rotation":{"x":0.2041226625442505,"y":0.5867938995361328,"z":-0.15598022937774659,"w":0.76790452003479},"size":41.12400817871094,"orthographic":false}