{"cameraMode":{"drawMode":0,"name":"Shaded","section":"Shading Mode"},"sceneLighting":true,"audioPlay":false,"sceneViewState":{"showFog":true,"showMaterialUpdate":false,"showSkybox":false,"showFlares":true,"showImageEffects":true,"showParticleSystems":true},"in2DMode":false,"pivot":{"x":59.69200134277344,"y":2.510000228881836,"z":93.46099853515625},"rotation":{"x":-0.12326598167419434,"y":0.7373574376106262,"z":-0.13831102848052979,"w":-0.6498699188232422},"size":8.7555570602417,"orthographic":false}