{"cameraMode":{"drawMode":0,"name":"Shaded","section":"Shading Mode"},"sceneLighting":false,"audioPlay":false,"sceneViewState":{"showFog":true,"showMaterialUpdate":false,"showSkybox":false,"showFlares":true,"showImageEffects":true,"showParticleSystems":true},"in2DMode":false,"pivot":{"x":287.4625549316406,"y":5.670000076293945,"z":179.62850952148438},"rotation":{"x":-0.020191794261336328,"y":-0.9593722820281982,"z":0.2721659243106842,"w":-0.07681155204772949},"size":18.416404724121095,"orthographic":false}